id,name,date,description,source,date_created,last_updated,record_count,file_size_mb,created at
5,Gora,New incidents from cyber security,Cybersecurity,,,10,0.0011491775512695312
1,Joan,Brand new incidents,Cybersecurity,2025-12-13 12:52:56,2025-12-13 12:52:56,10,0.0011491775512695312
2,Joan,New entry ,IT,2025-12-13 13:06:12,2025-12-13 13:06:12,57,0.0060596466064453125
1,Joan,New user info,Cybersecurity,2025-12-13 13:48:25,2025-12-13 13:48:25,12,0.000209808349609375
2,Joan,New user info,IT,2025-12-13 14:14:48,2025-12-13 14:14:48,4,0.00045108795166015625
1,Joan,New user info,Cybersecurity,,2025-12-13 14:15:18,4,0.00045108795166015625
1,Joan,New tickets,Cybersecurity,,2025-12-13 14:15:51,52,0.0053310394287109375
3,Jamie,More,Cybersecurity,2025-12-13 15:23:06,2025-12-13 15:23:06,12,0.000209808349609375
4,Macey,Brand new entry,Human Resource,2025-12-14 11:01:48,2025-12-14 11:01:48,57,0.0060596466064453125
