Gender,Year,Attendance
Male,2010,Attended
Female,2010,Unattended
Male,2010,Attended
Female,2010,Attended
Male,2010,Unattended
Female,2010,Attended
Male,2010,Attended
Female,2010,Unattended
Male,2010,Attended
Female,2010,Attended
Male,2010,Unattended
Female,2010,Attended
Male,2010,Attended
Female,2010,Unattended
Male,2010,Attended
Female,2010,Attended
Male,2010,Unattended
Female,2010,Attended
Male,2010,Attended
Female,2010,Unattended
Male,2010,Attended
Female,2010,Attended
Male,2010,Unattended
Female,2010,Attended
Male,2010,Attended
Female,2010,Unattended
Male,2010,Attended
Female,2010,Attended
Male,2010,Unattended
Female,2010,Attended
Male,2010,Attended
Female,2010,Unattended
Male,2010,Attended
Female,2010,Attended
Male,2010,Unattended
Female,2010,Attended
Male,2010,Attended
Female,2010,Unattended
Male,2010,Attended
Female,2010,Attended
Male,2010,Unattended
Female,2010,Attended
Male,2010,Attended
Female,2010,Unattended
Male,2010,Attended
Female,2010,Attended
Male,2010,Unattended
Female,2010,Attended
Male,2010,Attended
Female,2010,Unattended
Male,2010,Attended
Female,2010,Attended
Male,2010,Unattended
Female,2010,Attended
Male,2010,Attended
Female,2010,Unattended
Male,2010,Attended
Female,2010,Attended
Male,2010,Unattended
Female,2010,Attended
Male,2010,Attended
Female,2010,Unattended
Male,2010,Attended
Female,2010,Attended
Male,2010,Unattended
Female,2010,Attended
Male,2010,Attended
Female,2010,Unattended
Male,2010,Attended
Female,2010,Attended
Male,2010,Unattended
Female,2010,Attended
Male,2010,Attended
Female,2010,Unattended
Male,2010,Attended
Female,2010,Attended
Male,2010,Unattended
Female,2010,Attended
Male,2010,Attended
Female,2010,Unattended
Male,2010,Attended
Female,2010,Attended
Male,2010,Unattended
Female,2010,Attended
Male,2010,Attended
Female,2010,Unattended
Male,2010,Attended
Female,2010,Attended
Male,2010,Unattended
Female,2010,Attended
Male,2010,Attended
Female,2010,Unattended
Male,2010,Attended
Female,2010,Attended
Male,2010,Unattended
Female,2010,Attended
Male,2010,Attended
Female,2010,Unattended
Male,2010,Attended
Female,2010,Attended
